{
  "omp-convex-hull": {
    "1": {
      "time": 6.957254896352584,
      "ws_eff": 1.0
    },
    "2": {
      "time": 7.202937242919084,
      "ws_eff": 0.9658913664966301
    },
    "4": {
      "time": 7.64476132751723,
      "ws_eff": 0.9100682936051941
    },
    "9": {
      "time": 9.07764335775958,
      "ws_eff": 0.7664164169222967
    },
    "12": {
      "time": 12.037500056545264,
      "ws_eff": 0.5779650977089424
    }
  },
  "omp-convex-hull-split-4": {
    "1": {
      "time": 1.5302946946697815,
      "ws_eff": 1.0
    },
    "2": {
      "time": 1.6901434285333081,
      "ws_eff": 0.9054229770296821
    },
    "4": {
      "time": 1.932323874464324,
      "ws_eff": 0.7919452400773175
    },
    "9": {
      "time": 2.6054138499523853,
      "ws_eff": 0.5873518691465266
    },
    "12": {
      "time": 4.16305226612893,
      "ws_eff": 0.36758959456753265
    }
  }
}