{
  "omp-convex-hull-no-split": {
    "ace.in": {
      "1": {
        "speedup": 1.0,
        "speedup base": 1.0,
        "strong scaling efficiency": 1.0,
        "time": 0.21299700656144907
      },
      "2": {
        "speedup": 1.7685654472403787,
        "speedup base": 1.7685654472403787,
        "strong scaling efficiency": 0.8842827236201893,
        "time": 0.12043490213709862
      },
      "4": {
        "speedup": 2.9089635434784835,
        "speedup base": 2.9089635434784835,
        "strong scaling efficiency": 0.7272408858696209,
        "time": 0.07322092675893466
      },
      "8": {
        "speedup": 3.3551853451022837,
        "speedup base": 3.3551853451022837,
        "strong scaling efficiency": 0.41939816813778547,
        "time": 0.06348293302853461
      },
      "10": {
        "speedup": 2.9106840851367295,
        "speedup base": 2.9106840851367295,
        "strong scaling efficiency": 0.29106840851367294,
        "time": 0.07317764495608033
      },
      "12": {
        "speedup": 2.732475903460271,
        "speedup base": 2.732475903460271,
        "strong scaling efficiency": 0.2277063252883559,
        "time": 0.07795018660245834
      }
    },
    "box100k.in": {
      "1": {
        "speedup": 1.0,
        "speedup base": 1.0,
        "strong scaling efficiency": 1.0,
        "time": 0.02131192570216761
      },
      "2": {
        "speedup": 1.4153067854660502,
        "speedup base": 1.4153067854660502,
        "strong scaling efficiency": 0.7076533927330251,
        "time": 0.015058166837764259
      },
      "4": {
        "speedup": 1.8358989807420698,
        "speedup base": 1.8358989807420698,
        "strong scaling efficiency": 0.45897474518551745,
        "time": 0.01160844138251732
      },
      "8": {
        "speedup": 1.5319891051113241,
        "speedup base": 1.5319891051113241,
        "strong scaling efficiency": 0.19149863813891552,
        "time": 0.013911277587459704
      },
      "10": {
        "speedup": 0.8753978257077808,
        "speedup base": 0.8753978257077808,
        "strong scaling efficiency": 0.08753978257077807,
        "time": 0.02434541767902655
      },
      "12": {
        "speedup": 0.362557106431527,
        "speedup base": 0.362557106431527,
        "strong scaling efficiency": 0.03021309220262725,
        "time": 0.05878225891620362
      }
    },
    "box10k.in": {
      "1": {
        "speedup": 1.0,
        "speedup base": 1.0,
        "strong scaling efficiency": 1.0,
        "time": 0.0016588292229679624
      },
      "2": {
        "speedup": 1.3742664958597652,
        "speedup base": 1.3742664958597652,
        "strong scaling efficiency": 0.6871332479298826,
        "time": 0.001207065171104364
      },
      "4": {
        "speedup": 1.474971410426008,
        "speedup base": 1.474971410426008,
        "strong scaling efficiency": 0.368742852606502,
        "time": 0.0011246517805310217
      },
      "8": {
        "speedup": 0.6501860487364257,
        "speedup base": 0.6501860487364257,
        "strong scaling efficiency": 0.08127325609205321,
        "time": 0.002551314698603174
      },
      "10": {
        "speedup": 0.10480998506044953,
        "speedup base": 0.10480998506044953,
        "strong scaling efficiency": 0.010480998506044953,
        "time": 0.015827015164740523
      },
      "12": {
        "speedup": 0.19048868521018292,
        "speedup base": 0.19048868521018292,
        "strong scaling efficiency": 0.015874057100848576,
        "time": 0.008708282180317588
      }
    },
    "box1M.in": {
      "1": {
        "speedup": 1.0,
        "speedup base": 1.0,
        "strong scaling efficiency": 1.0,
        "time": 0.21756538397242503
      },
      "2": {
        "speedup": 1.7397822004063643,
        "speedup base": 1.7397822004063643,
        "strong scaling efficiency": 0.8698911002031822,
        "time": 0.1250532301811157
      },
      "4": {
        "speedup": 2.771316993437732,
        "speedup base": 2.771316993437732,
        "strong scaling efficiency": 0.692829248359433,
        "time": 0.07850613426309705
      },
      "8": {
        "speedup": 3.043762942727012,
        "speedup base": 3.043762942727012,
        "strong scaling efficiency": 0.3804703678408765,
        "time": 0.07147908298584538
      },
      "10": {
        "speedup": 2.9535338294751443,
        "speedup base": 2.9535338294751443,
        "strong scaling efficiency": 0.29535338294751445,
        "time": 0.07366273641466546
      },
      "12": {
        "speedup": 2.228547076267822,
        "speedup base": 2.228547076267822,
        "strong scaling efficiency": 0.18571225635565183,
        "time": 0.09762655960437898
      }
    },
    "box1k.in": {
      "1": {
        "speedup": 1.0,
        "speedup base": 1.0,
        "strong scaling efficiency": 1.0,
        "time": 0.00013408588894633813
      },
      "2": {
        "speedup": 0.5768676514082001,
        "speedup base": 0.5768676514082001,
        "strong scaling efficiency": 0.28843382570410003,
        "time": 0.00023243787135406035
      },
      "4": {
        "speedup": 0.48998505072979287,
        "speedup base": 0.48998505072979287,
        "strong scaling efficiency": 0.12249626268244822,
        "time": 0.00027365302012097737
      },
      "8": {
        "speedup": 0.0369710410591003,
        "speedup base": 0.0369710410591003,
        "strong scaling efficiency": 0.004621380132387537,
        "time": 0.003626781532388938
      },
      "10": {
        "speedup": 0.02754336655976789,
        "speedup base": 0.02754336655976789,
        "strong scaling efficiency": 0.002754336655976789,
        "time": 0.004868173563873452
      },
      "12": {
        "speedup": 0.08267130908712252,
        "speedup base": 0.08267130908712252,
        "strong scaling efficiency": 0.00688927575726021,
        "time": 0.0016219156370807285
      }
    },
    "circ10k.in": {
      "1": {
        "speedup": 1.0,
        "speedup base": 1.0,
        "strong scaling efficiency": 1.0,
        "time": 0.6762225359152876
      },
      "2": {
        "speedup": 1.7593103498104194,
        "speedup base": 1.7593103498104194,
        "strong scaling efficiency": 0.8796551749052097,
        "time": 0.38436796326933237
      },
      "4": {
        "speedup": 2.872612450574231,
        "speedup base": 2.872612450574231,
        "strong scaling efficiency": 0.7181531126435577,
        "time": 0.235403329739141
      },
      "8": {
        "speedup": 3.3379861858924986,
        "speedup base": 3.3379861858924986,
        "strong scaling efficiency": 0.41724827323656233,
        "time": 0.20258398275380568
      },
      "10": {
        "speedup": 3.249270570628282,
        "speedup base": 3.249270570628282,
        "strong scaling efficiency": 0.3249270570628282,
        "time": 0.20811518192051717
      },
      "12": {
        "speedup": 2.6802716049881763,
        "speedup base": 2.6802716049881763,
        "strong scaling efficiency": 0.22335596708234803,
        "time": 0.25229627275713
      }
    },
    "circ1k.in": {
      "1": {
        "speedup": 1.0,
        "speedup base": 1.0,
        "strong scaling efficiency": 1.0,
        "time": 0.007938056622751974
      },
      "2": {
        "speedup": 0.8358067140823079,
        "speedup base": 0.8358067140823079,
        "strong scaling efficiency": 0.41790335704115394,
        "time": 0.009497478889563283
      },
      "4": {
        "speedup": 0.8768293637556801,
        "speedup base": 0.8768293637556801,
        "strong scaling efficiency": 0.21920734093892003,
        "time": 0.009053137304562071
      },
      "8": {
        "speedup": 0.6828511103214893,
        "speedup base": 0.6828511103214893,
        "strong scaling efficiency": 0.08535638879018616,
        "time": 0.01162487180992457
      },
      "10": {
        "speedup": 0.5655770357684102,
        "speedup base": 0.5655770357684102,