{
  "mpi-convex-hull": {
    "1": {
      "time": 8.321687444030225,
      "ws_eff": 1.0
    },
    "2": {
      "time": 8.576008242432456,
      "ws_eff": 0.9703450846579297
    },
    "4": {
      "time": 8.645678972493043,
      "ws_eff": 0.9625256119856377
    },
    "9": {
      "time": 8.825699858342066,
      "ws_eff": 0.9428926405382517
    },
    "12": {
      "time": 11.409613107545544,
      "ws_eff": 0.7293575483753104
    }
  },
  "mpi-convex-hull-split-4": {
    "1": {
      "time": 1.9423642164885113,
      "ws_eff": 1.0
    },
    "2": {
      "time": 2.012707250194525,
      "ws_eff": 0.9650505389200466
    },
    "4": {
      "time": 2.092142677524895,
      "ws_eff": 0.928409059933915
    },
    "9": {
      "time": 2.256793373918936,
      "ws_eff": 0.8606743705187258
    },
    "12": {
      "time": 2.9028218711136766,
      "ws_eff": 0.6691296616637786
    }
  }
}