{
  "mpi-convex-hull": {
    "ace.in": {
      "1": {
        "speedup": 1.0,
        "speedup_base": 1.0,
        "ss_eff": 1.0,
        "time": 0.306768
      },
      "2": {
        "speedup": 1.8991042078089304,
        "speedup_base": 1.8991042078089304,
        "ss_eff": 0.9495521039044652,
        "time": 0.161533
      },
      "4": {
        "speedup": 3.5256231970670373,
        "speedup_base": 3.5256231970670373,
        "ss_eff": 0.8814057992667593,
        "time": 0.087011
      },
      "8": {
        "speedup": 6.2328416433012315,
        "speedup_base": 6.2328416433012315,
        "ss_eff": 0.7791052054126539,
        "time": 0.049218
      },
      "12": {
        "speedup": 8.327940058638289,
        "speedup_base": 8.327940058638289,
        "ss_eff": 0.6939950048865241,
        "time": 0.036836
      }
    },
    "box100k.in": {
      "1": {
        "speedup": 1.0,
        "speedup_base": 1.0,
        "ss_eff": 1.0,
        "time": 0.030716
      },
      "2": {
        "speedup": 1.807674199623352,
        "speedup_base": 1.807674199623352,
        "ss_eff": 0.903837099811676,
        "time": 0.016992
      },
      "4": {
        "speedup": 3.0722144428885776,
        "speedup_base": 3.0722144428885776,
        "ss_eff": 0.7680536107221444,
        "time": 0.009998
      },
      "8": {
        "speedup": 4.626600391625245,
        "speedup_base": 4.626600391625245,
        "ss_eff": 0.5783250489531556,
        "time": 0.006639
      },
      "12": {
        "speedup": 5.416328689825428,
        "speedup_base": 5.416328689825428,
        "ss_eff": 0.451360724152119,
        "time": 0.005671
      }
    },
    "box10k.in": {
      "1": {
        "speedup": 1.0,
        "speedup_base": 1.0,
        "ss_eff": 1.0,
        "time": 0.002667
      },
      "2": {
        "speedup": 1.654466501240695,
        "speedup_base": 1.654466501240695,
        "ss_eff": 0.8272332506203475,
        "time": 0.001612
      },
      "4": {
        "speedup": 2.191454396055875,
        "speedup_base": 2.191454396055875,
        "ss_eff": 0.5478635990139687,
        "time": 0.001217
      },
      "8": {
        "speedup": 2.492523364485981,
        "speedup_base": 2.492523364485981,
        "ss_eff": 0.31156542056074765,
        "time": 0.00107
      },
      "12": {
        "speedup": 2.2736572890025575,
        "speedup_base": 2.2736572890025575,
        "ss_eff": 0.18947144075021313,
        "time": 0.001173
      }
    },
    "box1M.in": {
      "1": {
        "speedup": 1.0,
        "speedup_base": 1.0,
        "ss_eff": 1.0,
        "time": 0.306833
      },
      "2": {
        "speedup": 1.8757022428981007,
        "speedup_base": 1.8757022428981007,
        "ss_eff": 0.9378511214490504,
        "time": 0.163583
      },
      "4": {
        "speedup": 3.1499450769436095,
        "speedup_base": 3.1499450769436095,
        "ss_eff": 0.7874862692359024,
        "time": 0.097409
      },
      "8": {
        "speedup": 4.65702880733388,
        "speedup_base": 4.65702880733388,
        "ss_eff": 0.582128600916735,
        "time": 0.065886
      },
      "12": {
        "speedup": 5.7487353393037814,
        "speedup_base": 5.7487353393037814,
        "ss_eff": 0.47906127827531514,
        "time": 0.053374
      }
    },
    "box1k.in": {
      "1": {
        "speedup": 1.0,
        "speedup_base": 1.0,
        "ss_eff": 1.0,
        "time": 0.000221
      },
      "2": {
        "speedup": 0.9778761061946903,
        "speedup_base": 0.9778761061946903,
        "ss_eff": 0.48893805309734517,
        "time": 0.000226
      },
      "4": {
        "speedup": 0.8403041825095058,
        "speedup_base": 0.8403041825095058,
        "ss_eff": 0.21007604562737645,
        "time": 0.000263
      },
      "8": {
        "speedup": 0.5580808080808082,
        "speedup_base": 0.5580808080808082,
        "ss_eff": 0.06976010101010102,
        "time": 0.000396
      },
      "12": {
        "speedup": 0.3060941828254848,
        "speedup_base": 0.3060941828254848,
        "ss_eff": 0.0255078485687904,
        "time": 0.000722
      }
    },
    "circ100k.in": {
      "1": {
        "speedup": 1.0,
        "speedup_base": 1.0,
        "ss_eff": 1.0,
        "time": 92.584323
      },
      "2": {
        "speedup": 1.9531039612870595,
        "speedup_base": 1.9531039612870595,
        "ss_eff": 0.9765519806435298,
        "time": 47.403684
      },
      "4": {
        "speedup": 3.876875991864216,
        "speedup_base": 3.876875991864216,
        "ss_eff": 0.969218997966054,
        "time": 23.881167
      },
      "8": {
        "speedup": 7.634519594434466,
        "speedup_base": 7.634519594434466,
        "ss_eff": 0.9543149493043083,
        "time": 12.127066
      },
      "12": {
        "speedup": 9.09919457509689,
        "speedup_base": 9.09919457509689,
        "ss_eff": 0.7582662145914075,
        "time": 10.175002
      }
    },
    "circ10k.in": {
      "1": {
        "speedup": 1.0,
        "speedup_base": 1.0,
        "ss_eff": 1.0,
        "time": 0.920555
      },
      "2": {
        "speedup": 1.890314896762734,
        "speedup_base": 1.890314896762734,
        "ss_eff": 0.945157448381367,
        "time": 0.486985
      },
      "4": {
        "speedup": 3.5500721155700217,
        "speedup_base": 3.5500721155700217,
        "ss_eff": 0.8875180288925054,
        "time": 0.259306
      },
      "8": {
        "speedup": 6.398652922490912,
        "speedup_base": 6.398652922490912,
        "ss_eff": 0.799831615311364,
        "time": 0.143867
      },
      "12": {
        "speedup": 8.251362446667384,
        "speedup_base": 8.251362446667384,
        "ss_eff": 0.687613537222282,
        "time": 0.111564
      }
    },
    "circ1k.in": {
      "1": {
        "speedup": 1.0,
        "speedup_base": 1.0,
        "ss_eff": 1.0,
        "time": 0.011365
      },
      "2": {
        "speedup": 1.6975354742345032,
        "speedup_base": 1.6975354742345032,
        "ss_eff": 0.8487677371172516,
        "time": 0.006695
      },
      "4": {
        "speedup": 2.3370347522105694,
        "speedup_base": 2.3370347522105694,
        "ss_eff": 0.5842586880526424,
        "time": 0.004863
      },
      "8": {
        "speedup": 2.6944049312470364,
        "speedup_base": 2.6944049312470364,
        "ss_eff": 0.33680061640587955,
        "time": 0.004218
      },
      "12": {
        "speedup": 2.2323708505205264,
        "speedup_base": 2.2323708505205264,
        "ss_eff": 0.18603090421004387,
        "time": 0.005091
      }
    },
    "gaus100k.in": {
      "1": {
        "speedup": 1.0,
        "speedup_base": 1.0,
        "ss_eff": 1.0,
        "time": 0.017797
      },
      "2": {
        "speedup": 1.717194133539174,
        "speedup_base": 1.717194133539174,
        "ss_eff": 0.858597066769587,
        "time": 0.010364
      },
      "4": {
        "speedup": 2.6818866787221216,
        "speedup_base": 2.6818866787221216,
        "ss_eff": 0.6704716696805304,
        "time": 0.006636
      },
      "8": {
        "speedup": 3.5881048387096777,
        "speedup_base": 3.5881048387096777,
        "ss_eff": 0.4485131048387097,
        "time": 0.00496
      },
      "12": {
        "speedup": 4.0092363144852445,
        "speedup_base": 4.0092363144852445,
        "ss_eff": 0.3341030262071037,
        "time": 0.004439
      }
    },
    "gaus1M.in": {
      "1": {
        "speedup": 1.0,
        "speedup_base": 1.0,
        "ss_eff": 1.0,
        "time": 0.173084
      },
      "2": {
        "speedup": 1.773437980286481,
        "speedup_base": 1.773437980286481,
        "ss_eff": 0.8867189901432405,
        "time": 0.097598
      },
      "4": {
        "speedup": 2.7933444152155316,
        "speedup_base": 2.7933444152155316,
        "ss_eff": 0.6983361038038829,
        "time": 0.061963
      },
      "8": {
        "speedup": 3.609526192859526,
        "speedup_base": 3.609526192859526,
        "ss_eff": 0.45119077410744074,